item, amount, price, link
tuning pegs, 6, 6.63, https://www.aliexpress.com/item/1005009623082250.html?spm=a2g0o.cart.0.0.6b4f38da7WMsWs&mp=1&pdp_npi=6%40dis%21GBP%21GBP%204.89%21GBP%204.89%21%21GBP%204.89%21%21%21%400b15832917873420717313939e0cee%2112000049663111092%21ct%21UK%216982223242%21%211%210%21
strap button, 2, 1.65, https://www.aliexpress.com/item/1005012385459057.html?spm=a2g0o.cart.0.0.6b4f38da7WMsWs&mp=1&pdp_npi=6%40dis%21GBP%21GBP%201.35%21GBP%201.21%21%21GBP%201.21%21%21%21%400b15832917873420717313939e0cee%2112000058238035163%21ct%21UK%216982223242%21%211%210%21
fret wires, 24, 3.09, https://www.aliexpress.com/item/1005006474565113.html?spm=a2g0o.cart.0.0.6b4f38da7WMsWs&mp=1&pdp_npi=6%40dis%21GBP%21GBP%202.46%21GBP%202.26%21%21GBP%202.26%21%21%21%400b15832917873420717313939e0cee%2112000037333523205%21ct%21UK%216982223242%21%211%210%21&pdp_ext_f=%7B%22cart2PdpParams%22%3A%7B%22pdpBusinessMode%22%3A%22retail%22%7D%7D
potentiometers, 3, 7.13, https://www.aliexpress.com/item/1005010542228242.html?spm=a2g0o.cart.0.0.6b4f38da7WMsWs&mp=1&pdp_npi=6%40dis%21GBP%21GBP%207.14%21GBP%202.61%21%21GBP%202.61%21%21%21%400b15832917873420717313939e0cee%2112000052760112943%21ct%21UK%216982223242%21%212%210%21
tensioning rod, 1, 7.92, https://www.aliexpress.com/item/32911016790.html?spm=a2g0o.cart.0.0.6b4f38da7WMsWs&mp=1&pdp_npi=6%40dis%21GBP%21GBP%205.90%21GBP%205.90%21%21GBP%205.90%21%21%21%400b15832917873420717313939e0cee%2166646707515%21ct%21UK%216982223242%21%211%210%21
5 way switch, 1, 3.56, https://www.aliexpress.com/item/1005004102817118.html?spm=a2g0o.cart.0.0.6b4f38da7WMsWs&mp=1&pdp_npi=6%40dis%21GBP%21GBP%203.12%21GBP%202.61%21%21GBP%202.61%21%21%21%400b15832917873420717313939e0cee%2112000028041746412%21ct%21UK%216982223242%21%211%210%21
pickup magnets, 24, 25.79, https://www.aliexpress.com/item/1005005671763879.html?spm=a2g0o.cart.0.0.6b4f38da7WMsWs&mp=1&pdp_npi=6%40dis%21GBP%21GBP%2021.15%21GBP%2012.69%21%21GBP%2012.69%21%21%21%400b15832917873420717313939e0cee%2112000033964856013%21ct%21UK%216982223242%21%211%210%21
pickup wire, 500g, 37.04, https://www.aliexpress.com/item/1005010157248758.html?spm=a2g0o.cart.0.0.6b4f38da7WMsWs&mp=1&pdp_npi=6%40dis%21GBP%21GBP%2019.99%21GBP%2018.39%21%21GBP%2018.39%21%21%21%400b15832917873420717313939e0cee%2112000051379257036%21ct%21UK%216982223242%21%211%210%21
petg filliament, 1kg, 25
